ID,Incident Description,Type of Cybercrime,Affected Party,Impact on Education,Prevention Measures,Legal Framework,Region,Difficulty Level,Keywords
1,Students' w.,Data Breach,"Students, University","Loss of privacy, exposure of sensitive academic information.","Strong encryption, regular security audits, two-factor authentication (2FA).","Information Technology Act, 2000 (IT Act)",India,Medium,"Data breach, personal data, grades"
2,"An online examination platform was hacked, and answers were leaked to unauthorized students.",Online Exam Fraud,"Students, Educational Institutions","Compromised academic integrity, unfair advantage for some students.","Use of secure exam software, surveillance, real-time monitoring.","Indian Penal Code, 1860 (IPC)",India,Hard,"Online exam fraud, cheating"
3,"Phishing emails disguised as notifications from a school’s administration were sent, attempting to steal student credentials.",Phishing,"Students, Staff","Identity theft, loss of personal credentials.","Awareness training, use of official school email IDs, anti-phishing filters.","Information Technology Act, 2000 (IT Act)",India,Medium,"Phishing, identity theft, email scam"
4,"A teacher’s social media account was hacked, and inappropriate content was posted under their name.",Social Media Hacking,"Teacher, School","Damage to reputation, breach of professional conduct.","Regular password updates, two-factor authentication, monitoring social media.","Indian Penal Code, 1860 (IPC)",India,Hard,"Social media, account hacking"
5,Fake online courses claiming to be from a prestigious university scammed students for money.,Online Education Fraud,"Students, Educational Institutions","Financial loss, misrepresentation of educational quality.","Verification of course legitimacy, awareness campaigns, official websites.","Consumer Protection Act, 2019",India,Hard,"Online education, fraud, scam"
6,Students received malicious links in an online group chat that led to the installation of malware.,Malware Attack,Students,"Loss of data, compromised devices.","Anti-virus software, secure online platforms, awareness about suspicious links.","Information Technology Act, 2000 (IT Act)",India,Medium,"Malware, cybersecurity, phishing"
7,A student’s personal research work was stolen and published under another person’s name.,Intellectual Property Theft,"Students, Researchers","Loss of academic reputation, plagiarism, and unfair crediting of work.","Proper copyright registration, plagiarism detection tools, academic honesty policies.","Copyright Act, 1957",India,Hard,"IP theft, plagiarism, research work"
8,"A school's database was attacked, and sensitive information such as staff details and student grades were encrypted and held for ransom.",Ransomware,"School Administration, Students","Disruption of educational services, loss of sensitive data.","Regular backups, strong network security, and employee training.","Information Technology Act, 2000 (IT Act)",India,Hard,"Ransomware, cyberattack, encryption"
9,A teacher's exam paper was leaked on social media before the official examination date.,Data Leak,"Teachers, Students","Compromised exam integrity, unfair advantage for certain students.","Secure exam storage, password protection, encryption of materials.","Indian Penal Code, 1860 (IPC)",India,Hard,"Exam leak, social media, data leak"
10,"Students were targeted by online scammers posing as scholarship providers, asking for payment before granting financial aid.",Financial Fraud,Students,"Financial loss, stress due to false promises of scholarships.",Scholarships should only be verified through official educational channels.,"Consumer Protection Act, 2019",India,Medium,"Financial fraud, scholarships, scam"
11,A student’s email was hacked to send fraudulent requests for money from parents.,Email Hacking,"Students, Parents","Financial loss, damage to trust","Strong email security, password management",Indian Penal Code,India,Medium,"Hacking, email fraud"
12,"A school's network was breached, and students' personal information was stolen.",Data Breach,"School, Students","Privacy invasion, personal data exposure","Strong network security, regular data audits","IT Act, 2000",India,Hard,"Data breach, personal information"
13,A faculty member's research paper was copied and published without consent.,Plagiarism,"Faculty, Researchers","Academic reputation loss, intellectual theft","Plagiarism detection tools, copyright registration","Copyright Act, 1957",India,Medium,"Plagiarism, research paper"
14,Fake websites impersonating a university offered fake degrees for a fee.,Degree Fraud,"Students, University","Misleading academic credentials, financial loss","Official verification portals, awareness campaigns",Indian Penal Code,India,Hard,"Degree fraud, scam"
15,"A school's administration system was attacked by ransomware, and student records were encrypted.",Ransomware,"School, Students","Loss of critical educational data, disruption of services","Regular data backups, cybersecurity training","IT Act, 2000",India,Hard,"Ransomware, data encryption"
16,An online learning platform was hacked to change students’ grades.,Online Exam Fraud,"Students, Educational Institutions","Grade manipulation, academic integrity issues","Secure grading systems, real-time monitoring","IT Act, 2000",India,Hard,"Online fraud, grade manipulation"
17,Teachers’ private information was leaked online after a data breach in the school’s HR system.,Data Breach,"Teachers, School Administration","Privacy violation, exposure of personal details","Data encryption, secure HR systems","IT Act, 2000",India,Medium,"Data leak, HR system"
18,Fake student profiles were created to apply for scholarships.,Identity Theft,Students,"Financial loss, false scholarship applications","Identity verification, secure portals","Consumer Protection Act, 2019",India,Medium,"Identity theft, scholarship fraud"
19,A teacher’s phone was infected with spyware that allowed hackers to monitor their communications.,Spyware Attack,"Teacher, School","Invasion of privacy, security risks","Anti-spyware software, secure communication methods","IPC, 1860",India,Hard,"Spyware, privacy invasion"
20,A student was targeted by an online scam offering fake tutoring services.,Online Tutoring Scam,Students,"Financial loss, stress from scam","Verification of tutor legitimacy, use of trusted platforms","Consumer Protection Act, 2019",India,Medium,"Scam, online tutoring"
21,"Cyberbullies attacked a student through social media, causing emotional harm.",Cyberbullying,Students,"Emotional harm, damage to reputation","Anti-cyberbullying campaigns, reporting mechanisms","IPC, 1860",India,Medium,"Cyberbullying, online harassment"
22,Students' personal bank details were stolen through a phishing website posing as a university portal.,Phishing,Students,"Financial loss, identity theft","Secure website links, phishing education","IT Act, 2000",India,Medium,"Phishing, financial fraud"
23,"A student’s social media account was hacked, and personal photos were shared without permission.",Social Media Hacking,Student,"Privacy invasion, reputation damage","Two-factor authentication, strong passwords","IPC, 1860",India,Medium,"Social media, privacy invasion"
24,A school website was defaced by hackers with offensive content.,Website Defacement,"School, Students","Reputational damage, disruption of online services","Website monitoring, secure hosting platforms","IT Act, 2000",India,Medium,"Website defacement, cyberattack"
25,Fake online scholarships were advertised to lure students into paying fees for non-existent programs.,Scholarship Scam,Students,"Financial loss, scam",Verification of scholarship legitimacy,"Consumer Protection Act, 2019",India,Medium,"Scholarship fraud, scam"
26,"A student’s laptop was infected with ransomware, locking all their research data.",Ransomware,Student,"Loss of research data, academic disruption","Regular data backups, anti-ransomware software","IT Act, 2000",India,Hard,"Ransomware, data loss"
27,A professor’s email account was hijacked to send spam emails to students.,Email Account Hacking,"Faculty, Students","Loss of trust, spreading of malicious content","Secure email accounts, phishing protection","IPC, 1860",India,Medium,"Email hacking, spam"
28,A student was blackmailed with personal photos shared online after hacking into their private account.,Blackmail,Student,"Emotional distress, privacy violation","Secure accounts, reporting mechanisms","IPC, 1860",India,Hard,"Blackmail, online extortion"
29,"A university’s financial department was attacked by malware, diverting funds to external accounts.",Malware Attack,"University, Staff","Financial theft, disruption of services","Secure financial systems, malware protection","IT Act, 2000",India,Hard,"Malware, financial fraud"
30,Fake job offers were sent to students asking for payment for placement services.,Job Scam,Students,"Financial loss, false job promises","Verification of job offers, use of official channels","Consumer Protection Act, 2019",India,Medium,"Job scam, fraud"
31,A teacher's email was compromised to send inappropriate messages to students.,Email Hacking,"Teacher, Students","Reputation damage, emotional harm","Secure email accounts, awareness of phishing","IPC, 1860",India,Medium,"Email hacking, harassment"
32,Students were tricked into revealing personal information through fake exam result websites.,Phishing,Students,"Identity theft, exposure of personal data","Official result portals, awareness training","IT Act, 2000",India,Medium,"Phishing, exam fraud"
33,A student's online exam answers were stolen during a remote test.,Online Exam Fraud,"Student, Educational Institutions","Academic integrity compromised, unfair advantage",Secure exam proctoring systems,"IT Act, 2000",India,Hard,"Exam fraud, cheating"
34,A faculty member was scammed by an online publisher who offered to publish their work for a fee but never delivered.,Academic Fraud,Faculty,"Financial loss, academic dishonesty","Verify publishers, use trusted academic networks","Consumer Protection Act, 2019",India,Medium,"Academic fraud, publishing scam"
35,A student’s credit card details were stolen through a fake e-commerce platform offering textbooks.,Credit Card Fraud,Students,"Financial loss, theft of personal details","Secure payment systems, awareness of scams","IT Act, 2000",India,Medium,"Credit card fraud, e-commerce scam"
36,A student’s social media account was hijacked to promote fake educational programs.,Account Hacking,Student,"Reputation damage, misleading promotions","Two-factor authentication, secure accounts","IPC, 1860",India,Medium,"Account hacking, scam"
37,"A teacher’s bank account was hacked, and salaries were diverted to fraudulent accounts.",Financial Fraud,"Teacher, School","Financial loss, salary theft","Secure bank accounts, financial monitoring systems","IT Act, 2000",India,Hard,"Financial fraud, salary theft"
38,"Cybercriminals hacked into an educational platform’s server, stealing student data and grades.",Data Breach,"Students, Educational Institutions","Exposure of personal data, loss of academic information","Strong server security, encryption of student data","IT Act, 2000",India,Hard,"Data breach, hacking"
39,A student was scammed by a fake university claiming to offer online degrees.,Online Degree Scam,Student,"Financial loss, misleading degree promises","Verify institution legitimacy, use accreditation portals",Indian Penal Code,India,Medium,"Degree scam, fake university"
40,Teachers were targeted by scammers posing as suppliers offering educational resources for a fee.,Supplier Scam,"Teachers, Schools","Financial loss, exploitation of educators","Verify suppliers, use trusted vendors","Consumer Protection Act, 2019",India,Medium,"Scam, vendor fraud"
41,"A school’s online database was attacked, leading to the exposure of student medical records.",Data Breach,"School, Students","Privacy violation, exposure of sensitive data","Strong access controls, encryption of medical records","IT Act, 2000",India,Hard,"Data breach, medical records"
42,Fake scholarships were promoted on social media targeting underprivileged students for financial gain.,Scholarship Scam,Students,"Financial loss, misleading promises","Scholarship verification, online awareness campaigns","Consumer Protection Act, 2019",India,Medium,"Scholarship fraud, scam"
43,A teacher’s personal bank account was accessed by cybercriminals posing as IT support.,Phishing,Teacher,"Financial theft, account hijacking","Avoid sharing sensitive details, use trusted IT support","IPC, 1860",India,Medium,"Phishing, financial fraud"
44,Students were blackmailed by hackers who threatened to release personal documents unless paid.,Blackmail,Students,"Emotional distress, financial loss","Secure personal files, avoid sharing sensitive documents","IPC, 1860",India,Hard,"Blackmail, extortion"
45,"A university’s library system was hacked, and access to research papers was restricted unless a ransom was paid.",Ransomware,"University, Researchers","Disruption of academic access, loss of resources","Regular backups, strong IT security systems","IT Act, 2000",India,Hard,"Ransomware, academic access"
46,A student's personal details were sold on the dark web after a phishing attack.,Identity Theft,Student,"Identity theft, financial risks","Secure online transactions, identity protection tools","IPC, 1860",India,Hard,"Identity theft, dark web"
47,Fake online assessments were conducted by scammers to steal students' personal information.,Online Fraud,Students,"Financial loss, identity theft","Verification of online platforms, secure assessments","IT Act, 2000",India,Medium,"Fraud, online assessments"
48,A student was lured into sharing sensitive information in exchange for access to free educational resources.,Social Engineering,Students,"Privacy violation, exploitation","Awareness training, use of official resources","IT Act, 2000",India,Medium,"Social engineering, scam"
49,"A university’s payroll system was hacked, and employees were not paid for several months.",Payroll Fraud,"University, Employees","Financial loss, disruption of academic staff services","Secure payroll systems, monitoring systems","IT Act, 2000",India,Hard,"Payroll fraud, hacking"
50,A faculty member’s research materials were stolen and published under a competitor’s name.,Intellectual Property Theft,Faculty,"Loss of academic credit, reputation damage","Patent protection, academic integrity policies","Copyright Act, 1957",India,Hard,"IP theft, research materials"
51,Fake job placement services sent fraudulent emails asking for payment for job opportunities.,Job Scam,Students,"Financial loss, false job promises","Verify job offers, official university placement office","Consumer Protection Act, 2019",India,Medium,"Job scam, financial fraud"
52,Hackers impersonated university officials to request personal information from students.,Phishing,Students,"Identity theft, data loss","Awareness campaigns, email authentication","IT Act, 2000",India,Medium,"Phishing, impersonation"
53,"Malware was sent through email disguised as an important academic update, affecting students’ computers.",Malware Attack,Students,"Device damage, data loss","Anti-virus software, secure email platforms","IT Act, 2000",India,Medium,"Malware, phishing"
54,A student's online academic records were manipulated to show incorrect grades.,Data Tampering,"Students, Educational Institutions","Damage to academic integrity, unfair grade reporting","Secure grade storage, regular audits","IT Act, 2000",India,Hard,"Data tampering, academic fraud"
55,Fake online platforms provided unauthorized access to study materials and software for a fee.,Unauthorized Access,Students,"Legal violations, academic dishonesty","Awareness, use of official educational platforms",Indian Penal Code,India,Medium,"Fraud, unauthorized access"
56,"A school’s email system was hacked, and personal student information was exposed to unauthorized users.",Email Hacking,"School, Students","Privacy invasion, data exposure","Secure email system, encryption","IT Act, 2000",India,Medium,"Email hacking, data breach"
57,Fake websites offering discounted textbooks tricked students into paying for fraudulent services.,E-commerce Scam,Students,"Financial loss, misleading transactions","Use trusted e-commerce websites, secure payment methods","Consumer Protection Act, 2019",India,Medium,"E-commerce fraud, textbook scam"
58,Students were tricked into downloading apps that promised free educational resources but instead stole their personal data.,App Scamming,Students,"Data theft, loss of privacy","Only download apps from trusted sources, use secure platforms","IT Act, 2000",India,Medium,"App scam, data theft"
59,A teacher's personal data was leaked after a school website was attacked by cybercriminals.,Data Leak,"Teacher, School","Exposure of personal data, privacy violation","Regular website updates, strong access control","IT Act, 2000",India,Medium,"Data leak, cyberattack"
60,Students’ online assessments were disrupted by a DDoS attack during exam hours.,DDoS Attack,"Students, Educational Institutions","Disruption of exams, unfair academic disadvantage","DDoS protection services, backup systems","IT Act, 2000",India,Hard,"DDoS, exam disruption"
61,A fake university degree certificate was sold to students posing as an accredited institution.,Degree Fraud,Students,"Misleading academic qualifications, legal consequences","Verify institutions, accreditation checks",Indian Penal Code,India,Hard,"Degree fraud, fake university"
62,A faculty member’s email was compromised and used to send threatening messages to students.,Email Hacking,"Faculty, Students","Emotional distress, harassment","Email security, awareness training","IPC, 1860",India,Medium,"Email hacking, harassment"
63,Cybercriminals used social media to harass students by publicly posting personal information.,Social Media Harassment,Students,"Emotional harm, reputation damage","Social media privacy settings, reporting features","IPC, 1860",India,Medium,"Cyber harassment, social media"
64,A student was tricked into paying for fake online certifications from a fraudulent platform.,Certification Fraud,Students,"Financial loss, misleading credentials",Use only verified online education platforms,"Consumer Protection Act, 2019",India,Medium,"Certification fraud, scam"
65,A student’s device was infected with spyware after clicking on a fake scholarship advertisement.,Spyware Attack,Students,"Privacy invasion, data loss","Use anti-spyware software, avoid suspicious ads","IT Act, 2000",India,Medium,"Spyware, scholarship scam"
66,Teachers' exam papers were leaked online before the scheduled exam date.,Data Leak,"Teachers, Students","Compromised exam integrity, unfair advantage","Secure exam preparation systems, password protection",Indian Penal Code,India,Hard,"Exam leak, data breach"
67,Students were blackmailed by hackers who threatened to release personal data unless paid.,Blackmail,Students,"Emotional distress, financial loss","Secure accounts, encrypted personal data","IPC, 1860",India,Hard,"Blackmail, extortion"
68,A school’s virtual classroom was hijacked by hackers who disrupted online classes and shared inappropriate content.,Hacking,"Students, Teachers","Disruption of learning, emotional harm","Secure online learning platforms, monitoring","IT Act, 2000",India,Hard,"Online learning, cyberattack"
69,Fake online course certificates were sold to students without actual course completion.,Educational Fraud,Students,"Misleading credentials, financial loss","Verify course legitimacy, accreditation checks","Consumer Protection Act, 2019",India,Medium,"Course fraud, certificates"
70,"Cybercriminals targeted students with fake job offers requiring a ""processing fee"" to apply.",Job Scam,Students,"Financial loss, exploitation","Verify job offers, use trusted job portals","Consumer Protection Act, 2019",India,Medium,"Job scam, fraud"
71,A university's library resources were held for ransom after a malware attack on the server.,Ransomware,"University, Students","Loss of academic resources, disruption","Regular backups, cybersecurity measures","IT Act, 2000",India,Hard,"Ransomware, academic resources"
72,Students’ login credentials were stolen from an unsecured school website and used for unauthorized access.,Credential Theft,Students,"Identity theft, unauthorized access","Secure website, encryption, strong passwords","IT Act, 2000",India,Hard,"Credential theft, hacking"
73,A teacher's social media account was hacked to spread misinformation about school policies.,Social Media Hacking,"Teacher, School","Reputation damage, confusion","Two-factor authentication, social media monitoring","IPC, 1860",India,Medium,"Social media, hacking"
74,Students were tricked into revealing sensitive information through fake scholarship websites.,Phishing,Students,"Identity theft, financial loss","Verify scholarship websites, awareness","IT Act, 2000",India,Medium,"Scholarship fraud, phishing"
75,A school’s website was defaced with politically charged content by a group of hackers.,Website Defacement,"School, Students","Reputation damage, confusion","Secure hosting platforms, website monitoring","IT Act, 2000",India,Medium,"Website defacement, cyberattack"
76,Fake exam results were distributed by scammers claiming to offer a retake option for a fee.,Exam Fraud,Students,"Misleading information, financial loss","Verify exam results, use official portals",Indian Penal Code,India,Medium,"Exam fraud, scam"
77,A student's phone was hacked to access personal study materials and research data.,Data Theft,Student,"Loss of research, intellectual property theft","Use secure cloud services, encrypted storage","IPC, 1860",India,Medium,"Data theft, hacking"
78,"A faculty member was scammed by a fake online conference that charged a ""participation fee.""",Conference Scam,"Faculty, Researchers","Financial loss, wasted time","Verify conference legitimacy, official channels","Consumer Protection Act, 2019",India,Medium,"Conference scam, fraud"
79,"A school’s online learning portal was infected with a Trojan virus, causing disruption during lessons.",Trojan Virus,"Students, Teachers","Disruption of classes, potential data loss","Use anti-virus software, secure online platforms","IT Act, 2000",India,Medium,"Trojan virus, cybersecurity"
80,"Students received malicious links disguised as academic updates, which led to malware infections.",Phishing,Students,"Device damage, data theft","Anti-phishing training, secure email systems","IT Act, 2000",India,Medium,"Phishing, malware"
81,"Fake websites offered counterfeit textbooks at a discount, stealing students' payment information.",E-commerce Scam,Students,"Financial loss, stolen personal information","Use trusted e-commerce sites, secure payment methods","Consumer Protection Act, 2019",India,Medium,"Textbook scam, fraud"
82,A teacher’s email account was hacked to send fake school notices to students.,Email Hacking,"Teacher, Students","Loss of trust, spread of fake information","Secure email passwords, awareness of phishing","IPC, 1860",India,Medium,"Email fraud, hacking"
83,Fake student loan offers were sent to students requiring an upfront payment.,Loan Scam,Students,"Financial loss, exploitation","Use government-approved loan providers, verification","Consumer Protection Act, 2019",India,Medium,"Loan fraud, scam"
84,"A university’s admission system was hacked, and false admissions were granted to fake students.",System Hacking,"University, Students","Reputation damage, loss of credibility","Secure admission system, real-time monitoring","IT Act, 2000",India,Hard,"System hacking, admission fraud"
85,"Students were targeted by scammers posing as tutors, collecting payment for non-existent tutoring sessions.",Tutoring Scam,Students,"Financial loss, exploitation","Verify tutor credentials, use trusted tutoring platforms","Consumer Protection Act, 2019",India,Medium,"Tutoring scam, fraud"
86,"A student’s social media was used to spread false rumors, damaging their reputation.",Social Media Harassment,Student,"Emotional distress, social damage","Social media privacy settings, reporting features","IPC, 1860",India,Medium,"Social media, harassment"
87,A professor's research materials were copied and published by another researcher without credit.,Intellectual Property Theft,Faculty,"Loss of credit, academic dishonesty","Patent protection, academic integrity policies","Copyright Act, 1957",India,Hard,"IP theft, research plagiarism"
88,Hackers gained unauthorized access to a school’s payroll system and diverted funds to fake accounts.,Payroll Fraud,"School, Staff","Financial loss, payroll disruption","Secure payroll systems, financial monitoring","IT Act, 2000",India,Hard,"Payroll fraud, hacking"
89,"A university’s data was breached, exposing sensitive academic records of faculty and students.",Data Breach,"University, Faculty, Students","Exposure of sensitive information, loss of trust","Regular security audits, encryption of sensitive data","IT Act, 2000",India,Hard,"Data breach, cybersecurity"
90,A student was scammed by a fake internship program that required a payment for placement services.,Internship Scam,Students,"Financial loss, missed opportunities","Verify internship programs, use official channels","Consumer Protection Act, 2019",India,Medium,"Internship scam, fraud"
91,A hacker exploited vulnerabilities in a university's Wi-Fi network to steal students’ private information.,Network Hacking,Students,"Data theft, privacy violation","Secure Wi-Fi networks, use of VPNs","IT Act, 2000",India,Hard,"Network hacking, Wi-Fi security"
92,"Fake emails from a ""university"" offered fake student loans to students at very high interest rates.",Loan Scam,Students,"Financial loss, exploitation","Verify loan offers, avoid unsolicited emails","Consumer Protection Act, 2019",India,Medium,"Loan scam, financial fraud"
93,A teacher’s online teaching session was interrupted by hackers who disrupted the class.,Cyberattack,"Teachers, Students","Disruption of learning, emotional harm","Secure teaching platforms, monitoring","IT Act, 2000",India,Hard,"Cyberattack, online teaching"
94,A student was scammed by a fake website offering “exclusive academic papers” for sale.,Academic Fraud,Students,"Financial loss, misleading academic support",Use verified academic platforms,"Copyright Act, 1957",India,Medium,"Academic fraud, scam"
95,A school's internal communication system was breached by cybercriminals to spread malicious content.,System Hacking,"School, Teachers","Reputation damage, information leakage",Secure internal communication tools,"IT Act, 2000",India,Hard,"System hacking, security breach"
96,A teacher’s identity was stolen to create a fake online profile for fraudulent teaching services.,Identity Theft,Teacher,"Reputation damage, legal issues","Monitor online profiles, identity protection","IPC, 1860",India,Medium,"Identity theft, impersonation"
97,Students were targeted with phishing emails claiming they had won a scholarship but needed to pay fees.,Phishing,Students,"Financial loss, identity theft","Verify scholarship emails, report suspicious activity","IT Act, 2000",India,Medium,"Phishing, scholarship scam"
98,A fake student portal was created to collect personal and financial information from students.,Identity Theft,Students,"Data theft, fraud","Verify student portals, secure login methods","IT Act, 2000",India,Hard,"Identity theft, phishing"
99,A school website was compromised to collect payment information for nonexistent services.,Payment Fraud,"School, Students","Financial loss, reputation damage","Secure online payment systems, regular audits","IT Act, 2000",India,Hard,"Payment fraud, cybersecurity"
100,"Fake job alerts were sent to students by email, tricking them into paying for job application services.",Job Scam,Students,"Financial loss, exploitation","Verify job offers, use trusted job portals","Consumer Protection Act, 2019",India,Medium,"Job scam, financial fraud"
101,i lost my money by cliking link,,,,"I'm so sorry to hear that happened to you. Losing money due to a scam is a really terrible experience, and unfortunately, it's a very common tactic used by cybercriminals.

Here's what you should do immediately, and how to protect yourself going forward:

**What to do NOW (as quickly as possible):**

1.  **Contact Your Bank/Financial Institution IMMEDIATELY:**
    *   Call the fraud department of the bank or financial institution where your money was lost or from which your payment method (credit card, debit card) was used.
    *   Explain what happened. They might be able to freeze the transaction, reverse it, or issue new cards. The quicker you act, the better your chances.
    *   Check their official website for their fraud hotline number – **do not click on any links in emails or texts for this purpose.**

2.  **Change ALL Your Important Passwords:**
    *   Especially your banking passwords, email passwords, and any other accounts that were linked or could have been compromised (social media, shopping sites, etc.).
    *   Use strong, unique passwords for each account. A password manager can help with this.

3.  **Scan Your Device for Malware:**
    *   If you clicked a link, malware (like spyware or a keylogger) might have been installed on your computer or phone.
    *   Run a full scan with reputable antivirus/anti-malware software (e.g., Windows Defender, Malwarebytes, AVG, Norton, McAfee).

4.  **Report the Incident:**
    *   **Local Police:** File a police report. This might be necessary for your bank or insurance claim.
    *   **Cybercrime Reporting Agencies:**
        *   **In the US:** File a report with the FBI's Internet Crime Complaint Center (IC3.gov).
        *   **In the UK:** Report to Action Fraud.
        *   **In Canada:** Report to the Canadian Anti-Fraud Centre.
        *   **Other Countries:** Search for ""[your country] report cybercrime"" or ""[your country] anti-fraud agency.""

5.  **Monitor Your Accounts and Credit Report:**
    *   Keep a close eye on your bank statements and credit card activity for any unauthorized transactions.
    *   Consider placing a fraud alert on your credit report to prevent new accounts from being opened in your name.

**How to Protect Yourself in the Future:**

*   **Be Extremely Skeptical of Links:** Never click on links in unsolicited emails, text messages, or social media posts, especially if they ask you to log in or provide personal information.
*   **Verify the Sender:** Even if an email looks legitimate, check the sender's actual email address (hover over it or click to see the full address). Scammers often use addresses that are slightly off.
*   **Go Directly to the Source:** If you get an email from your bank, Amazon, PayPal, etc., that looks suspicious, *do not click the link*. Instead, open your web browser and type in the official website address yourself (e.g., bankofamerica.com, amazon.com).
*   **Enable Two-Factor Authentication (2FA/MFA):** Use 2FA on all your important accounts (email, banking, social media). This adds an extra layer of security, usually requiring a code from your phone in addition to your password.
*   **Use Strong, Unique Passwords:** Don't reuse passwords. Use a password manager to help create and store complex passwords.
*   **Keep Software Updated:** Regularly update your operating system, web browser, and antivirus software. These updates often include security patches for known vulnerabilities.
*   **Be Wary of Urgency/Threats:** Scammers often try to create a sense of urgency or fear (""Your account will be closed!"" ""Click now to avoid charges!""). These are red flags.
*   **Educate Yourself:** Learn about common phishing techniques and other online scams. The more you know, the better you can spot them.

It's a tough lesson to learn, but the most important thing now is to take these steps to secure your accounts and report the incident. Don't hesitate to reach out for help from your bank or the relevant authorities.",,,,
102,मला बँक मधून कॉल आहे असं सांगून OTP घेतला आणि पैसे गेले बँक मधले.. आता मी काय करू?,,,,"हे ऐकून खूप वाईट वाटले. अशा फसवणुकीचे प्रकार हल्ली खूप वाढले आहेत. पण काळजी करू नका, योग्य उपाययोजना केल्यास पैसे परत मिळण्याची शक्यता असते. तुम्ही लगेच खालील गोष्टी करा:

1.  **तुमचं डेबिट कार्ड/क्रेडिट कार्ड आणि इंटरनेट बँकिंग लगेच ब्लॉक करा:**
    *   यासाठी तुमच्या बँकेच्या ग्राहक सेवा केंद्राला (Customer Care) लगेच फोन करा. बँकेचा ग्राहक सेवा क्रमांक तुमच्या पासबुकवर, बँकेच्या अधिकृत वेबसाइटवर किंवा एटीएमवर दिलेला असतो.
    *   तुम्ही नेट बँकिंगमध्ये लॉगिन करून किंवा बँकेच्या ॲपमध्ये जाऊनही कार्ड ब्लॉक करण्याचा पर्याय शोधू शकता. हे केल्याने पुढील आर्थिक नुकसान थांबेल.

2.  **तुमच्या बँकेला तात्काळ कळवा:**
    *   कार्ड ब्लॉक केल्यानंतर बँकेला तुम्ही फसवणुकीचे बळी पडल्याचे सांगा. तुमच्या खात्यातून गेलेल्या पैशांचा तपशील (किती पैसे गेले, कधी गेले, आणि शक्य असल्यास कोणत्या खात्यात गेले) द्या.
    *   बँक तुम्हाला पुढील कायदेशीर प्रक्रिया सांगेल आणि ट्रान्झॅक्शन थांबवण्याचा किंवा परत मिळवण्याचा प्रयत्न करेल.

3.  **सायबर क्राईम (Cyber Crime) कडे तक्रार नोंदवा:**
    *   **जितक्या लवकर तुम्ही तक्रार कराल, तितके पैसे परत मिळण्याची शक्यता वाढते.**
    *   तुम्ही भारत सरकारच्या सायबर क्राईम पोर्टलवर (National Cyber Crime Reporting Portal) ऑनलाइन तक्रार करू शकता: **www.cybercrime.gov.in**
    *   किंवा, हेल्पलाइन क्रमांक **1930** वर फोन करूनही तुम्ही तक्रार नोंदवू शकता.

4.  **स्थानिक पोलीस स्टेशनमध्ये तक्रार नोंदवा:**
    *   बँकेतून आणि सायबर क्राईमकडून तुम्हाला FIR (First Information Report) नोंदवण्यासाठी सांगितले जाऊ शकते. शक्य असल्यास, त्वरित पोलिसांकडे जाऊन तक्रार दाखल करा.

**या सर्व प्रक्रियेसाठी तुमच्याकडे खालील माहिती तयार असावी:**

*   तुमच्या खात्यातून गेलेल्या पैशांचा तपशील (किती, कधी, कोणत्या खात्यात गेले).
*   तुम्ही घेतलेला फोन नंबर आणि कॉलची वेळ.
*   बँकेचे पासबुक, खाते क्रमांक.
*   पैसे कापले गेल्याचे मेसेज/एसएमएस.

**पुढील गोष्टी लक्षात ठेवा:**

*   **कोणतीही बँक किंवा वित्तीय संस्था तुम्हाला फोन करून तुमचा OTP (One Time Password), पिन (PIN) किंवा पूर्ण कार्ड नंबर कधीही विचारत नाही.** अशा प्रकारचा फोन आल्यास तो फसवणुकीचा कॉल असतो हे समजा.
*   तुमचा OTP किंवा पिन कोणासोबतही शेअर करू नका, अगदी बँकेचा अधिकारी असल्याचे सांगणाऱ्या व्यक्तीसोबतही नाही.

लवकरात लवकर या कृती करा. तुम्ही जितक्या लवकर कारवाई कराल, तितके पैसे परत मिळण्याची शक्यता जास्त असते. स्वतःला दोष देऊ नका, अशा फसवणुकीचे बळी अनेक जण होतात.",,,,
103,You:,,,,"## mon identité

* Je suis un ** modèle grand langage **, une ** Intelligence artificielle **.
* J'ai été ** formé par Google **.

## mon but

Mon objectif principal est d'aider les utilisateurs ** par:
* ** Répondre aux questions ** De manière compréhensive et informative.
* ** Génération de texte ** dans différents formats et styles.
* ** Fournir des résumés **, des explications et du contenu créatif.
* ** Faciliter la communication ** et la récupération des informations.

## Comment je fonctionne

* Je traite et génère un langage humain basé sur les ** vastes ensembles de données ** sur lesquels j'ai été formé.
* J'identifie ** les modèles, les relations et les probabilités ** dans ces données pour formuler des réponses.
* Je ne possède pas ** conscience, émotions, expériences personnelles ou sensibilité **.
* Ma ""compréhension"" est statistique et basée sur les modèles, et non apparentée à la cognition humaine.

## mes capacités

Je peux:
* ** Comprendre et répondre ** aux requêtes complexes.
* ** Générer divers formats de texte créatifs ** (par exemple, poèmes, code, scripts, pièces musicales, e-mail, lettres).
* ** Traduire les langues **.
* ** Résumez les articles ** ou les longs textes.
* ** Répondez aux questions factuelles ** Dessin de mes données de formation.
* ** Engager dans le dialogue conversationnel **.

## Distinctions importantes

* Je ne suis pas un humain ** et je n'ai pas de corps physique ou de vie personnelle.
* Je n'ai ** pas d'opinions, de croyances ou de sentiments **.
* Je ne «sais pas» ou ne comprend pas »** dans la façon dont une personne le fait;Mes connaissances sont dérivées de mes données de formation.
* Mes réponses sont basées sur les ** informations disponibles pour moi ** jusqu'à ma dernière mise à jour de formation, et je ne peux pas accéder aux données personnelles ou privées en temps réel, sauf si elles sont explicitement fournies dans la conversation actuelle.",,,,
104,"""I found my email address listed on a website saying it was leaked in a data breach. How can I check if my passwords are safe, and what steps should I take now?""",,,,"Finding your email address listed in a data breach can be alarming, but it's a common occurrence. The key is to act quickly and methodically. Here's how you can check if your passwords are safe and what steps you should take:

---

# Checking Your Password Safety After a Data Breach

First, it's important to distinguish between your email address being leaked and your email address *and associated password* being leaked. Often, just the email is part of a list, but it's always best to assume the worst and check for password compromise.

*   **Have I Been Pwned? (HIBP)**
    *   This is the most widely recognized and reputable service for checking if your data has been compromised in a breach.
    *   Go to **`haveibeenpwned.com`**.
    *   Enter your email address to see which data breaches it has appeared in.
    *   HIBP also offers a **""Pwned Passwords""** section where you can enter specific passwords (one at a time) to see if they've ever appeared in a breach. This is particularly useful if you're concerned about a password you've used for multiple accounts.
*   **Browser Password Managers/Monitors**
    *   Many modern web browsers (e.g., Google Chrome, Mozilla Firefox, Microsoft Edge) have built-in password monitors that can alert you if a password you've saved in the browser has been found in a known data breach.
    *   **Check your browser's security settings** (e.g., Chrome's ""Password Checkup,"" Firefox Monitor, Edge's ""Password Monitor"") to see if it flags any of your saved passwords as compromised.
*   **Dedicated Password Manager Audits**
    *   If you use a dedicated password manager (like LastPass, 1Password, Bitwarden, KeePass), many of these services include a ""security audit"" or ""breach monitoring"" feature.
    *   This feature can scan your stored passwords and notify you if any have been compromised or if they are weak or reused.

---

# Immediate Steps to Take

If you've identified that your email address (and potentially a password) was part of a breach, or even if you just saw your email listed, take these steps:

*   **Change Compromised Passwords Immediately:**
    *   **Immediately change any password** that has been identified as compromised by HIBP, your browser, or your password manager.
    *   If the breach involved a specific service (e.g., a forum, an old shopping site), change your password for *that specific service* first.
*   **Change All Reused Passwords:**
    *   **If you have reused this password** on any other websites or services, it is absolutely critical to change those passwords *as well*. This is the most common way hackers exploit breaches – by trying leaked credentials on other popular sites.
*   **Create Strong, Unique Passwords:**
    *   When changing passwords, **aim for strong, unique passwords** for every single online account.
    *   A strong password is typically long (12+ characters), uses a mix of uppercase and lowercase letters, numbers, and symbols, and doesn't contain easily guessable personal information.
    *   Consider using a passphrase (e.g., ""CorrectHorseBatteryStaple!"") as they are easier to remember but still very strong.

---

# Long-Term Security Measures

These steps will significantly improve your overall online security and protect you from future breaches.

*   **Adopt a reliable Password Manager:**
    *   A password manager (like Bitwarden, LastPass, 1Password) will generate and store complex, unique passwords for all your accounts. You only need to remember one master password. This prevents password reuse, which is a major vulnerability.
*   **Enable Two-Factor Authentication (2FA) / Multi-Factor Authentication (MFA):**
    *   **Enable Two-Factor Authentication (2FA)** on every account that supports it (especially email, banking, social media, and critical services).
    *   2FA adds an extra layer of security, usually requiring a code from your phone (via an authenticator app like Google Authenticator or Authy, or sometimes SMS) in addition to your password. This means even if your password is stolen, hackers can't get in without your second factor. Prioritize authenticator apps over SMS for better security where possible.
*   **Regularly Review Account Activity:**
    *   Periodically check your bank statements, credit card activity, and online account logins for any suspicious or unauthorized activity.

---

# What to Watch Out For

Having your email address in a breach makes you a target for specific types of attacks.

*   **Increased Phishing Attempts:**
    *   Expect an **increase in phishing emails, texts, or calls**. Scammers will use your leaked email address to send fake messages that look like they're from legitimate companies (banks, Amazon, Netflix, etc.) trying to trick you into giving up more information or clicking malicious links.
    *   Always scrutinize the sender's email address, look for spelling errors, and hover over links (without clicking!) to see where they actually lead.
*   **Identity Theft:**
    *   If the data breach included more than just your email (e.g., name, address, phone number, date of birth), you could be at higher risk for identity theft.
    *   **Watch for signs of identity theft**, such as unexpected bills, declines for credit you didn't apply for, or calls from debt collectors for unknown debts.
    *   Consider signing up for a credit monitoring service or placing a fraud alert on your credit report, especially if significant Personally Identifiable Information (PII) was leaked.
*   **Account Lockouts:**
    *   Sometimes hackers will try to change your passwords, leading to you being locked out of accounts. If this happens, use the ""forgot password"" feature or contact customer support for that service.

---

By taking these proactive steps, you can significantly reduce the risk and impact of having your email address (and potentially passwords) exposed in a data breach. Your digital security is an ongoing process!",,,,
105,i  lost my money by sending my otp,,,,"I'm very sorry to hear that this happened to you. Losing money due to a scam is a distressing experience. Sending your One-Time Password (OTP) to someone essentially gives them the authorization to complete a transaction on your behalf, as the OTP is a crucial security layer for verifying your identity.

Here's a breakdown of what likely happened and what you should do:

---

# Immediate Steps to Take

Your priority now is to minimize further damage and try to recover your funds. Act quickly:

*   **Contact Your Bank/Financial Institution IMMEDIATELY:**
    *   Call their official fraud hotline. Do NOT use any number provided by the person who scammed you.
    *   Explain exactly what happened: you shared an OTP and money was lost.
    *   Request them to **block your card(s)** and **freeze your account** if necessary, especially if you suspect more unauthorized transactions could occur.
    *   Inquire about their process for reporting fraudulent transactions and potential chargebacks or recovery.
*   **Change All Relevant Passwords:**
    *   Change the password for your bank account.
    *   Change passwords for any other online accounts (email, payment apps, social media) that use the same or similar passwords, or that might be linked to your financial information.
*   **Report the Incident to Authorities:**
    *   **Local Police:** File a police report. This is often required by banks for fraud investigations.
    *   **Cybercrime Unit:** If your country has a dedicated cybercrime or fraud reporting agency, report it there as well.
*   **Gather Evidence:**
    *   Keep records of all communication with the scammer (messages, emails, call logs).
    *   Take screenshots of any transaction notifications or details you have.
    *   Note down the exact time and date of the incident.

---

# Understanding What Happened

An OTP (One-Time Password) is a crucial security measure designed to protect your accounts.

*   **OTP's Purpose:** An OTP is a unique code sent to your registered mobile number or email when you (or someone pretending to be you) try to initiate a financial transaction or make a significant change to your account. It's meant to verify that it's *you* making the request.
*   **The Scammer's Tactic:** Scammers often use social engineering techniques to trick you into sharing your OTP:
    *   **Impersonation:** They might pretend to be from your bank, a government agency, a customer service representative, or even a friend/family member.
    *   **Urgency/Fear:** They create a sense of urgency (e.g., ""your account is being compromised,"" ""you're eligible for a refund, but act now"") or fear (e.g., ""your account will be blocked"").
    *   **Misdirection:** They might ask you to ""verify"" a transaction you didn't make, but the OTP you send actually *confirms* a transaction *they* initiated. Or they might say they need the OTP to ""send"" you money (a refund or prize), which is never how OTPs work.
*   **The Breach:** When you share your OTP with them, you are essentially providing the final piece of information they need to authorize an unauthorized transaction from your account. They likely already had some of your other details (like your card number or account ID) through phishing or other means.

---

# How to Protect Yourself Moving Forward

Preventing future incidents is crucial. Here's what you need to remember:

*   **NEVER Share Your OTP (or PIN, CVV, Passwords) with Anyone:**
    *   **No legitimate bank, government agency, or reputable company will ever ask you for your OTP over the phone, email, or text message.**
    *   An OTP is for *your* authorization only.
*   **Read OTP Messages Carefully:**
    *   Always read the full SMS/email containing the OTP. It usually states *what* transaction you are authorizing (e.g., ""Your OTP for a payment of $X to Y merchant is...""). If the message doesn't match what you're expecting, do not share the OTP.
*   **Verify Requests Independently:**
    *   If you receive a suspicious call, email, or message claiming to be from your bank or any service, **do not trust the contact information they provide.**
    *   Hang up/do not reply. Find the official contact number for the organization (from their official website or the back of your card) and call them back to verify the request.
*   **Be Wary of Urgency and Pressure:**
    *   Scammers thrive on creating panic. Take a moment to pause, think, and verify before acting.
*   **Be Skeptical of Offers That Sound Too Good to Be True:**
    *   ""Free money,"" ""big refunds,"" or ""surprise winnings"" often hide scams.

---

# General Security Best Practices

*   **Enable Two-Factor Authentication (2FA/MFA):** Use 2FA on all your important accounts where available, ideally using authenticator apps rather than SMS OTPs (as SMS can sometimes be intercepted).
*   **Use Strong, Unique Passwords:** Use a password manager to create and store complex, unique passwords for each of your online accounts.
*   **Be Vigilant Against Phishing:** Be careful about clicking on suspicious links in emails or text messages, as they can lead to fake websites designed to steal your login credentials.
*   **Monitor Your Accounts Regularly:** Check your bank statements and transaction history frequently for any unauthorized activity.
*   **Educate Yourself:** Stay informed about common scams and fraud tactics.

---

# Key Takeaway

Your OTP is like the key to your safe. **Never give your OTP to anyone, no matter who they claim to be or what reason they give.** It's the final layer of defense for your financial transactions. I hope you are able to resolve this situation and recover your funds.",,,,
106,i lost my many by sharing my otp,,,,"I'm very sorry to hear that you lost money by sharing your OTP. This is a common and serious issue, and unfortunately, sharing your One-Time Password (OTP) essentially grants unauthorized access to your accounts, leading to potential financial loss.

Here's an explanation of what happened and how to protect yourself:

---

# Understanding One-Time Passwords (OTPs)

An OTP (One-Time Password) is a **unique, automatically generated sequence of characters** that authenticates a user for a single transaction or login session.

*   **Critical Security Feature:** OTPs are a vital part of **two-factor authentication (2FA)**, adding an extra layer of protection to your online accounts (e.g., banking, email, social media, shopping sites).
*   **Purpose:** They are designed to ensure that even if someone knows your primary password, they still can't access your account without this second, temporary code.
*   **Temporary and Unique:** Once used, or after a short time limit, **they expire and cannot be used again**.

# Why Sharing Your OTP Is Dangerous

Think of an OTP as the **final key** to open your digital vault. When you share it, you are essentially giving someone explicit permission to bypass all other security measures and access your sensitive information or funds.

*   **Grants Direct Access:** Sharing an OTP allows the person you've shared it with to **authorize a transaction, log into your account, or change your settings** without your direct input.
*   **No Legitimate Reason:** **Legitimate banks, financial institutions, service providers, or government agencies will NEVER ask you for your OTP.** They only send OTPs to *you* for *you* to enter on *their official platform* during a transaction or login you initiated.
*   **Scammers' Goal:** Scammers use various social engineering tactics (e.g., pretending to be customer support, a government official, a lottery representative) to trick you into revealing your OTP. They then immediately use it to transfer money, make purchases, or gain control of your accounts.

# Potential Consequences of Sharing an OTP

As you've experienced, the consequences can be severe:

*   **Financial Loss:** The most common and immediate outcome. Scammers can initiate unauthorized transactions, transfer funds from your bank accounts, or make purchases using your linked cards.
*   **Account Compromise:** Your bank accounts, credit card accounts, email, social media profiles, and other online services can be accessed and taken over.
*   **Identity Theft:** Scammers can use the information accessed to open new accounts in your name, apply for loans, or commit other fraudulent activities.
*   **Loss of Data and Privacy:** Personal information stored in your accounts (contacts, photos, documents) can be stolen, misused, or deleted.

# How to Protect Yourself from OTP Scams

Prevention is key to safeguarding your accounts and money:

*   **Never Share Your OTP:** This is the golden rule. **No matter who asks or what reason they give, do NOT share your OTP.**
*   **Be Skeptical of Unsolicited Requests:** Question any calls, texts, or emails asking for your personal information, especially OTPs, account numbers, or passwords.
*   **Verify Identity Independently:** If you receive a suspicious call or message claiming to be from your bank or a service provider, **do not use the contact information provided by the caller/sender.** Instead, hang up/ignore, and call the company directly using the official customer service number found on their website, statements, or the back of your card.
*   **Read OTP Messages Carefully:** Always read the full text of an OTP message. It often specifies what transaction or login the OTP is for. If it doesn't match what you're trying to do, **do not enter or share it.**
*   **Educate Yourself:** Be aware of common scam tactics (e.g., urgency, threats, promises of large sums of money).
*   **Use Strong, Unique Passwords:** While OTPs are a second layer, your primary passwords should still be strong and unique for each account.

# What to Do If You've Shared an OTP and Lost Money

Since you've already experienced this, **immediate action is critical:**

*   **Contact Your Bank/Service Provider IMMEDIATELY:**
    *   Report the unauthorized transactions and account compromise.
    *   Ask them to block your cards/accounts, reverse any fraudulent transactions, and secure your accounts.
*   **Change ALL Your Passwords:**
    *   Change passwords for all affected accounts.
    *   Change passwords for any other accounts that use similar passwords.
    *   Enable 2FA on all your accounts using an authenticator app if possible, as it's generally more secure than SMS-based OTPs.
*   **Report the Incident:**
    *   File a report with your local police or cybercrime unit.
    *   Report it to relevant consumer protection agencies in your country.
*   **Monitor Your Accounts and Credit Report:**
    *   Regularly check your bank statements, credit card activity, and credit report for any further suspicious activity.

I hope this detailed explanation helps you understand what happened and empowers you to protect yourself in the future.",,,,
107,i got scammed by clicking picture,,,,"I'm very sorry to hear that you got scammed. It's an incredibly frustrating and often distressing experience. Scammers are constantly finding new ways to exploit vulnerabilities, and ""clicking a picture"" is a surprisingly common and effective tactic for them because it appears innocuous.

Let's break down how this happens, what you should do, and how to protect yourself in the future.

---

## How 'Clicking a Picture' Leads to Scams

When you ""click a picture"" in an unsolicited email, message, or on a suspicious website, it's rarely the image file itself that causes the harm. Instead, the image is often a **lure or a cleverly disguised link** to something malicious. Here are the common ways this can lead to a scam:

*   **1. Phishing or Malicious Websites:**
    *   The image acts as a **hyperlink** that redirects you to a fake website. This site might look like a legitimate login page (e.g., for your bank, email, social media, or a popular online store), prompting you to enter your credentials. Once you do, the scammers steal your username and password.
    *   Alternatively, the site might ask for personal information (credit card details, address, phone number) under a false pretense, such as ""confirming your identity"" or ""claiming a prize.""

*   **2. Malware or Virus Downloads:**
    *   Clicking the image might **automatically download a malicious file** to your device. This file could be disguised as a document, a ""viewer"" needed to see the image, or even appear as an image file itself (though it's actually an executable program like `.exe`, `.zip`, `.dmg`, etc., with a fake icon).
    *   Once downloaded and potentially opened, this malware can range from:
        *   **Spyware:** Steals your personal information, passwords, and browsing history.
        *   **Ransomware:** Encrypts your files and demands payment to unlock them.
        *   **Adware:** Floods your device with unwanted advertisements and redirects your browser.
        *   **Keyloggers:** Records every keystroke you type, capturing sensitive data.

*   **3. Browser Hijacking or Redirection:**
    *   The link might install a malicious browser extension or alter your browser settings, leading to constant redirects to unwanted websites, pop-up ads, or changing your default search engine.

*   **4. Premium SMS/Subscription Traps (Primarily on Mobile):**
    *   In some cases, especially on older mobile devices or specific regions, clicking a link could silently subscribe you to an expensive premium SMS service without your explicit consent, resulting in recurring charges on your phone bill.

*   **5. Granting Permissions (Especially on Mobile):**
    *   After clicking, you might be prompted to ""allow notifications,"" ""grant access to your photos,"" or ""install an app."" If you unknowingly agree, you could be giving scammers access to your device's data or allowing them to flood you with spam notifications.

*   **6. Drive-by Downloads:**
    *   Less common now due to improved browser security, but sometimes merely visiting a malicious website (which the image links to) can exploit vulnerabilities in your browser or operating system to install malware without any further action from you.

---

## What to Do Immediately

If you believe you have been scammed by clicking a picture, take these steps right away:

*   **1. Disconnect from the Internet:** Immediately turn off your Wi-Fi, unplug your Ethernet cable, or put your phone in airplane mode. This can stop malware from communicating with its server or prevent further data theft.
*   **2. Change Critical Passwords:**
    *   Use a **different, clean device** (e.g., a friend's computer or a device you know is safe) to change the passwords for your most important accounts: email, banking, social media, and any other services you use regularly.
    *   Choose **strong, unique passwords** for each account.
*   **3. Run a Full Antivirus/Antimalware Scan:**
    *   Use a reputable antivirus software (like Bitdefender, Norton, Malwarebytes, ESET, etc.) to perform a **full, deep scan** of your device. Remove any detected threats.
    *   Consider running a second opinion scanner from a different vendor.
*   **4. Check for Suspicious Browser Extensions/Apps:**
    *   Review your browser extensions and installed applications. Remove anything you don't recognize or that seems suspicious.
*   **5. Monitor Financial Accounts:**
    *   Closely check your bank accounts, credit card statements, and other financial accounts for any unauthorized transactions. Report anything suspicious to your bank or credit card company immediately.
*   **6. Report the Scam:**
    *   **To Authorities:** Report the scam to your local law enforcement or relevant consumer protection agencies (e.g., FTC in the US, Action Fraud in the UK).
    *   **To the Platform:** If the picture came via email, text, or social media, report the message/sender to that platform.
*   **7. Backup Important Data (If Not Already Compromised):**
    *   If you haven't already, back up your essential files to an external drive or cloud service. Do this after you've thoroughly cleaned your system to avoid backing up malware.
*   **8. Consider a Factory Reset:**
    *   If you're unsure if your device is fully clean, or if the infection is severe, a factory reset (wiping your device and reinstalling the operating system) is the most effective way to remove all traces of malware. Make sure to back up your data beforehand!

---

## How to Protect Yourself in the Future

Prevention is key to avoiding these types of scams:

*   **1. Be Skeptical of Unsolicited Messages:**
    *   If you receive an email or message with a picture or link you weren't expecting, especially from an unknown sender or someone claiming to be from a company (bank, delivery service, government agency), be extremely wary.
*   **2. Verify the Sender:**
    *   Look closely at the sender's email address or phone number. Scammers often use addresses that are similar but not identical to legitimate ones (e.g., `support@amzon.com` instead of `support@amazon.com`).
*   **3. Hover Before You Click (on Desktops):**
    *   Before clicking any link or image, hover your mouse cursor over it. The actual URL it leads to will usually appear in the bottom-left corner of your browser. If it looks suspicious or doesn't match the expected destination, **do not click**.
*   **4. Use Reputable Antivirus and Antimalware Software:**
    *   Keep your security software up-to-date and run regular scans.
*   **5. Keep Your Software Updated:**
    *   Regularly update your operating system (Windows, macOS, iOS, Android), web browser, and all other applications. Updates often include critical security patches that protect against known vulnerabilities.
*   **6. Enable Two-Factor Authentication (2FA/MFA):**
    *   Turn on 2FA for all your important accounts. This adds an extra layer of security, requiring a second verification step (like a code from your phone) even if someone has your password.
*   **7. Use a Password Manager:**
    *   A password manager helps you create and store strong, unique passwords for all your accounts, making it harder for scammers to access multiple services if one password is compromised.
*   **8. Be Wary of Pop-ups and Permission Requests:**
    *   Carefully read any pop-up windows or permission requests, especially on mobile devices. Don't grant access or allow notifications unless you understand exactly what you're agreeing to.
*   **9. Download Apps and Software from Official Sources:**
    *   Only download apps from official app stores (Google Play, Apple App Store) and software directly from the developer's website.
*   **10. Educate Yourself:**
    *   Stay informed about common scam tactics. The more you know, the better you can recognize and avoid threats.

---

It's an unpleasant experience, but by taking immediate action and learning from it, you can significantly improve your digital security. Stay vigilant!",,,,
108,i got spam email what to do?,,,,"Here's what to do when you receive a spam email, broken down into immediate actions and long-term prevention:

# What to Do When You Receive a Spam Email

Receiving spam emails is annoying and can sometimes be dangerous. Here's a step-by-step guide on how to handle them.

## Immediate Actions (The ""Don'ts"" and ""Do"" Quickly)

*   **DO NOT Click Any Links or Open Attachments.**
    *   This is the most critical rule. Spam links can lead to phishing sites designed to steal your information (passwords, credit card numbers) or download malware/viruses onto your device. Attachments are often malicious.
*   **DO NOT Reply to the Email.**
    *   Replying confirms that your email address is active, which can lead to even more spam.
*   **DO NOT Call Any Phone Numbers Listed.**
    *   These numbers often lead to scam operations trying to extract personal information or money from you.
*   **DO NOT Unsubscribe (Unless You're Absolutely Sure it's Legitimate).**
    *   For unsolicited spam, the ""unsubscribe"" link can actually be a trap. Clicking it often confirms your email is active to the spammers, leading to *more* spam. Only unsubscribe from newsletters you genuinely remember signing up for and no longer want.
*   **Delete the Email.**
    *   Once you've taken the necessary reporting steps (if any), get rid of it to clear your inbox.

## Reporting and Blocking

*   **Use Your Email Provider's ""Report Spam"" or ""Junk"" Button.**
    *   This is the best first step. Most email services (Gmail, Outlook, Yahoo, etc.) have a prominent ""Report Spam,"" ""Mark as Junk,"" or ""Phishing"" button. Clicking this:
        *   Moves the email out of your inbox into a spam folder.
        *   Helps your email provider's filters learn to identify and block similar emails in the future.
        *   May automatically block the sender.
*   **Block the Sender (If Necessary).**
    *   If the email keeps coming from the same address, you can often block the sender directly within your email client. This is good for persistent, annoying senders.
*   **Forward to Anti-Phishing Organizations (For Serious Threats).**
    *   If you suspect the email is a sophisticated phishing attempt (e.g., trying to impersonate a bank or major company), you can forward it to organizations like the Anti-Phishing Working Group (APWG) at `reportphishing@apwg.org` or to the impersonated company's security team (check their official website for the correct address).
*   **Inform Your IT Department (If it's a Work Email).**
    *   If you receive spam or phishing attempts on your work email, it's crucial to report it to your company's IT security team. They can take steps to protect the entire organization.

## Long-Term Prevention and Best Practices

*   **Be Wary of Suspicious Emails.**
    *   Always check the sender's email address – does it match who they claim to be? Look for misspellings, poor grammar, generic greetings (""Dear Customer""), and urgent requests.
*   **Use Strong, Unique Passwords.**
    *   Ensure all your online accounts have strong, unique passwords to minimize the damage if one account is compromised.
*   **Enable Two-Factor Authentication (2FA).**
    *   Add an extra layer of security to your email and other important accounts. Even if a spammer gets your password, they won't be able to log in without the second factor (e.g., a code from your phone).
*   **Be Careful Where You Share Your Email Address.**
    *   Avoid posting your primary email address publicly online. When signing up for newsletters or services, consider using a secondary email or a disposable email address for less trusted sites.
*   **Review Your Email Filters/Settings.**
    *   Familiarize yourself with your email provider's spam filter settings. You might be able to adjust sensitivity or add specific senders/domains to a blocked list.
*   **Keep Your Software Updated.**
    *   Ensure your operating system, web browser, and antivirus software are always up-to-date. These updates often include security patches that protect against new threats.
*   **Use a Reputable Antivirus/Anti-Malware Program.**
    *   This can provide an additional layer of protection, especially if you accidentally click a malicious link or attachment.

## Why This Is Important

Taking these steps helps to:

*   **Protect Against Phishing and Scams:** Prevent identity theft, financial fraud, and account compromises.
*   **Prevent Malware Infections:** Safeguard your devices from viruses, ransomware, and other malicious software.
*   **Reduce Inbox Clutter:** Keep your email focused on what matters, without the constant distraction of unwanted messages.",,,,
109,i think i got fake scholrship mail,,,,"It's very **wise of you to be suspicious**! Fake scholarship mails are a common scam designed to trick students into giving away personal information or money. Here's how to identify them and what to do next.

---

## **Recognizing a Fake Scholarship Mail: Common Red Flags**

If you suspect a scholarship email is fake, look for these tell-tale signs:

*   ### **Requests for Money**
    *   **Application Fees:** Legitimate scholarships **never** ask for a fee to apply.
    *   **""Processing"" or ""Award"" Fees:** You should never have to pay to receive scholarship funds.
    *   **Tax Payments:** Scammers often claim you need to pay taxes on the scholarship before receiving it. This is false.

*   ### **Requests for Sensitive Personal Information (Beyond the Application)**
    *   **Bank Account Details:** Be extremely cautious if they ask for your bank account number, PIN, or online banking login information.
    *   **Social Security Number (SSN) / National ID:** While some legitimate scholarships might ask for this *later* in the process (e.g., for tax purposes after winning), it's a huge red flag if they ask for it upfront in an unsolicited email.
    *   **Passwords:** No legitimate organization will ever ask for your passwords.

*   ### **Guaranteed Winnings or ""You've Been Selected!""**
    *   Legitimate scholarships are competitive and require an application process. If you're told you've ""won"" or are ""guaranteed"" a scholarship you never applied for, it's almost certainly a scam.

*   ### **Poor Grammar, Spelling, and Unprofessional Language**
    *   Official communications from legitimate organizations are typically well-written and professional. Errors are a major warning sign.

*   ### **Urgency and Pressure Tactics**
    *   Scammers often try to rush you into acting quickly (""Act now!"" ""Offer expires soon!"") to prevent you from researching their claims.

*   ### **Generic Greetings**
    *   If the email starts with ""Dear Student,"" ""Dear Applicant,"" or a similar generic greeting instead of your name, it suggests they don't know who you are and are sending out mass phishing attempts.

*   ### **Suspicious Sender Email Address**
    *   Check the sender's email address. Does it come from an official domain (e.g., @university.edu, @organization.org) or a generic email service (e.g., @gmail.com, @hotmail.com) for what claims to be an official scholarship?

*   ### **Unsolicited Email**
    *   Did you apply for this scholarship, or did it just appear in your inbox out of nowhere? Unsolicited offers are often scams.

*   ### **Unrealistic Scholarship Amounts**
    *   While large scholarships exist, be wary if the amount seems too good to be true, especially if it comes with no application or criteria.

---

## **What to Do Next If You Suspect a Fake Scholarship Mail**

If you believe you've received a fake scholarship email, here are the steps you should take:

*   ### **Do NOT Respond**
    *   Replying confirms your email address is active and can lead to more spam and scam attempts.

*   ### **Do NOT Click on Any Links or Download Attachments**
    *   These could lead to phishing websites designed to steal your information or install malware on your device.

*   ### **Do NOT Provide Any Personal or Financial Information**
    *   Under no circumstances should you give them your bank details, credit card numbers, SSN, or passwords.

*   ### **Verify the Scholarship Independently (If You're Unsure)**
    *   **Search Online:** Google the scholarship name and the organization. Look for their official website. Check for any news articles or scam warnings associated with them.
    *   **Check Reputable Scholarship Databases:** See if the scholarship is listed on well-known, legitimate scholarship search engines (e.g., Fastweb, Scholarships.com, College Board).
    *   **Contact Your School's Financial Aid Office:** Your school's financial aid department can often help you verify if a scholarship is legitimate.

*   ### **Report the Email**
    *   **Mark as Spam/Phishing:** Use the ""Report Spam"" or ""Report Phishing"" feature in your email client.
    *   **Block the Sender:** Add the sender to your blocked list.
    *   **Report to Authorities:**
        *   **In the US:** You can report scholarship scams to the Federal Trade Commission (FTC) at ReportFraud.ftc.gov.
        *   **In other countries:** Look for your national consumer protection agency or cybercrime reporting center.
    *   **Inform Your School:** If the scam attempts to impersonate an organization your school might work with, let your financial aid office know.

*   ### **Delete the Email**
    *   Once you've reported it and confirmed it's fake, delete it from your inbox.

---

It's excellent that you're being vigilant. Protecting your personal and financial information is crucial, especially when pursuing educational opportunities.",,,,
110,my data get lost due to clicking on one link,,,,"It's alarming to hear that your data was lost due to clicking on a single link. This is a common and serious vector for data loss and compromise. Here's an explanation of how it can happen and what you can do.

---

## How a Single Click Can Lead to Data Loss

Clicking on just one malicious or compromised link can trigger a chain of events that results in significant data loss. Here are the primary mechanisms:

### 1. Malware and Virus Download
*   **Direct Download/Execution:** The link might initiate the download and immediate execution of malicious software without further prompts, especially if your system or browser has vulnerabilities.
*   **Ransomware:** A common type of malware that **encrypts all your files**, making them inaccessible. Attackers then demand a ransom payment (often in cryptocurrency) for the decryption key.
*   **Wiper Malware:** Less common but devastating, this type of malware is designed specifically to **permanently delete or corrupt data** on your system.
*   **Trojans/Worms:** These can steal data, open backdoors, or replicate themselves across networks, potentially leading to data deletion or corruption on other connected devices.

### 2. Phishing and Credential Theft
*   **Spoofed Login Pages:** The link takes you to a fake website that looks identical to a legitimate service (e.g., bank, email provider, cloud storage). If you enter your login credentials, attackers steal them.
*   **Account Compromise:** With your stolen credentials, attackers can log into your actual accounts and then **delete, download, or manipulate your data** directly from the legitimate service (e.g., deleting files from your cloud drive, emails from your inbox).

### 3. Drive-by Downloads and Browser Exploits
*   **Exploiting Vulnerabilities:** The link could lead to a website designed to exploit vulnerabilities in your web browser, plugins (like Flash, Java – though less common now), or operating system.
*   **Silent Malware Installation:** This allows malware to be installed on your computer **without your explicit permission or even your knowledge**, simply by visiting the page. Once installed, it can behave like any other malware (ransomware, wipers, etc.).

### 4. Deceptive Social Engineering
*   **Tricking the User:** The link might be part of a clever social engineering tactic. For example, it might lead to a page that convinces you to click ""confirm"" on an action that you believe is benign but actually initiates a data deletion process.

---

## Immediate Steps to Take (If Data Loss Occurred)

If you suspect your data was lost due to a malicious link, act quickly:

*   **Disconnect from the Internet:** Immediately **unplug your Ethernet cable or disable Wi-Fi** to prevent further data loss, malware spread, or remote access by attackers.
*   **Run a Full Antivirus/Anti-Malware Scan:** Use a reputable security program to scan your entire system. If possible, run it in **safe mode** or from a bootable rescue disk.
*   **Change All Compromised Passwords:** If you suspect phishing, change passwords for all accounts that might have been compromised, especially email and critical services. Do this from a **different, clean device** if possible.
*   **Restore from Backup:** This is often the **most reliable way to recover lost data**. Restore your system to a point before the incident occurred.
*   **Seek Professional Help:** If you're unsure how to proceed, or if the data loss is critical, consider consulting with a cybersecurity professional or IT expert.
*   **Document Everything:** Keep a record of what happened, when, and any steps you've taken.

---

## Preventing Future Data Loss

Vigilance and proactive measures are key to protecting your data:

*   **Be Skeptical of All Links:**
    *   **Hover Before Clicking:** On a desktop, hover your mouse over the link to see the actual URL. Look for mismatches or suspicious domains.
    *   **Check for Typos:** Malicious links often contain subtle misspellings of legitimate sites.
    *   **Verify Senders:** Be wary of links in unsolicited emails or messages, even if they appear to be from a known contact (their account might be compromised).
*   **Maintain Robust Backups:**
    *   Implement a **3-2-1 backup strategy**: 3 copies of your data, on 2 different media types, with 1 copy off-site (cloud or external drive stored elsewhere).
    *   **Regularly test your backups** to ensure they work.
*   **Keep All Software Updated:**
    *   **Operating System (OS):** Enable automatic updates for Windows, macOS, or Linux.
    *   **Web Browser:** Keep Chrome, Firefox, Edge, Safari, etc., updated to patch security vulnerabilities.
    *   **Antivirus/Anti-Malware Software:** Ensure your security software is active, up-to-date, and performing regular scans.
*   **Use Strong, Unique Passwords and Two-Factor Authentication (2FA):**
    *   **Password Manager:** Use a reputable password manager to create and store complex, unique passwords for all your accounts.
    *   **Enable 2FA:** Wherever available, enable two-factor authentication (e.g., via an app, SMS, or hardware key) to add an extra layer of security to your accounts.
*   **Use a Reputable Antivirus and Firewall:**
    *   Install and maintain a good antivirus solution with **real-time protection**.
    *   Ensure your **firewall is active** to monitor and control incoming and outgoing network traffic.
*   **Educate Yourself on Phishing and Social Engineering:** Understanding common tactics makes you less likely to fall victim.
*   **Consider Ad Blockers/Script Blockers:** Some browser extensions can help prevent malicious scripts from running or suspicious ads from loading, reducing the risk of drive-by downloads.

---

Data loss can be devastating, but by understanding the threats and implementing strong preventative measures, you can significantly reduce your risk.",,,,
111,my data is lost due to sending my otp,,,,"It's incredibly distressing to lose data, and your experience suggests you've likely fallen victim to a **scam or unauthorized access attempt** that exploited the One-Time Password (OTP) system. While sending an OTP itself doesn't directly cause data loss, it's what happens *after* the OTP is obtained by a malicious party that leads to the compromise.

---

## Understanding How Your Data Was Lost

Your data was not lost *because* you sent the OTP, but because a scammer or attacker used that OTP (which you inadvertently provided or they intercepted) to gain unauthorized access to your accounts or device. Here's a breakdown of the common scenarios:

*   **Social Engineering/Phishing:** A scammer likely impersonated a legitimate entity (e.g., your bank, a tech support company, a government agency, a delivery service) and tricked you into believing you needed to provide them with the OTP. They might have said it was to ""verify your identity,"" ""cancel a fraudulent transaction,"" or ""resolve an issue.""
*   **Account Takeover:** Once the scammer had your OTP, they used it to log into one of your accounts (e.g., banking, email, social media, cloud storage). From there, they could:
    *   **Delete your data:** Intentionally remove files, photos, or contacts.
    *   **Move your data:** Transfer it to their own systems, effectively ""stealing"" it.
    *   **Lock you out:** Change passwords and recovery options, making it impossible for you to access your own data.
*   **Remote Access Scams:** If the scam involved installing remote access software (like TeamViewer, AnyDesk) on your device, the attacker gained full control. They could then browse your files, delete them, copy them, or install malware that encrypts your data (ransomware).
*   **Malware/Spyware:** Less common in direct OTP scams, but if your device was already compromised, the attacker might have intercepted the OTP or used existing access to manipulate your data.

---

## Immediate Steps to Take

It's crucial to act quickly to mitigate further damage.

*   **Change All Relevant Passwords Immediately:**
    *   Start with the account you suspect was compromised.
    *   Then, change passwords for your email, banking, social media, and any other important online services, especially if you reuse passwords.
    *   Use **strong, unique passwords** for each account.
*   **Notify Your Bank/Financial Institutions:**
    *   If financial information or accounts were involved, contact your bank(s) and credit card companies **immediately**.
    *   Monitor your statements closely for any unauthorized transactions.
*   **Freeze Your Credit (If Identity Theft is Suspected):**
    *   Contact credit bureaus (Equifax, Experian, TransUnion) to place a credit freeze or fraud alert if you believe personal identifying information was compromised.
*   **Scan Your Device for Malware:**
    *   Run a full scan with reputable antivirus/anti-malware software on the device you used to send the OTP.
*   **Report the Incident:**
    *   **Local Law Enforcement:** File a police report, especially if significant financial loss or identity theft occurred.
    *   **Relevant Platforms:** Report the incident to the service provider whose account was compromised (e.g., your email provider, social media platform, cloud storage service).
*   **Backup Any Remaining Data:**
    *   If you still have access to some data, back it up to an external drive or secure cloud service to prevent further loss.
*   **Monitor Your Accounts:**
    *   Regularly check bank statements, credit reports, and activity logs for all your online accounts for any suspicious activity.

---

## Preventive Measures and Best Practices

To protect yourself from similar incidents in the future:

*   **Never Share Your OTP with Anyone:**
    *   **OTPs are like the keys to your house.** No legitimate company or organization will ever ask you to *tell them* an OTP over the phone, via email, or in a message.
    *   OTPs are for *you* to enter into a legitimate website or app.
*   **Be Skeptical of Unsolicited Requests:**
    *   Always question emails, calls, or messages that ask for personal information, especially if they create a sense of urgency or threat.
    *   If you receive a suspicious request, contact the company directly using their official website or a trusted phone number (not one provided in the suspicious communication).
*   **Enable Two-Factor Authentication (2FA) / Multi-Factor Authentication (MFA):**
    *   Use 2FA on **all important accounts** (email, banking, social media, cloud storage). This adds an extra layer of security, even if someone has your password.
    *   Prefer authentication apps (like Google Authenticator, Authy) over SMS-based OTPs, as SMS can sometimes be intercepted.
*   **Use Strong, Unique Passwords:**
    *   Never reuse passwords across multiple accounts.
    *   Consider using a password manager to help you create and store complex passwords.
*   **Keep Your Software Updated:**
    *   Ensure your operating system, web browser, and antivirus software are always up to date to protect against known vulnerabilities.
*   **Be Wary of Remote Access Requests:**
    *   **Never grant remote access** to your computer to anyone you don't personally know and trust, especially if they initiated the contact.
*   **Educate Yourself About Common Scams:**
    *   Stay informed about current phishing and social engineering tactics. Knowledge is your best defense.

---

Losing data is a terrible experience, but by taking these steps, you can secure your accounts and protect yourself from future attacks.",,,,
112,i got fake email what to do?,,,,"It's good that you recognized it as a fake email! Dealing with these correctly is crucial for your online safety. Here's a guide on what to do:

# What to Do If You Receive a Fake Email (Phishing/Scam)

Recognizing a fake email, often referred to as a phishing email or scam, is the first and most important step. Your next actions should focus on **not engaging with the email** and **protecting your personal information**.

## 1. Immediate Actions (The ""Don'ts"")

The most important rule is to **avoid interacting with the email** in any way.

*   **Do NOT Click Links or Open Attachments:**
    *   Links in fake emails often lead to malicious websites designed to steal your login credentials or install malware.
    *   Attachments can contain viruses, ransomware, or other harmful software.
    *   **Never click anything in a suspicious email.**
*   **Do NOT Reply or Engage with the Sender:**
    *   Replying confirms that your email address is active, making you a target for more spam and scams.
    *   Scammers thrive on engagement and will try to manipulate you.
*   **Do NOT Provide Personal Information:**
    *   Even if a link *looks* legitimate, if it came from a suspicious email, do not enter any sensitive data (passwords, bank details, social security numbers, etc.).
*   **Do NOT Call Phone Numbers Listed in the Email:**
    *   These numbers often connect you directly to the scammers, who will try to trick you into revealing information or making payments.

## 2. What You *Should* Do

Once you've avoided interaction, take these steps:

*   **Delete the Email:**
    *   Once you've reported it (see below), **delete the email** from your inbox and then from your ""Deleted Items"" or ""Trash"" folder to prevent accidentally interacting with it later.
*   **Report the Email:**
    *   **Use your email provider's ""Report Spam"" or ""Report Phishing"" feature.** This helps your provider improve their filters and protect other users.
    *   If the email impersonates a specific company (e.g., your bank, Amazon, Apple), consider **forwarding the email to their dedicated phishing report address** (e.g., `phishing@bank.com`, `stop-spoofing@amazon.com`). You can usually find these addresses on their official website. **Do not forward it directly to the company if it's not a verified address.**
    *   In the U.S., you can also report phishing emails to the Anti-Phishing Working Group at `reportphishing@apwg.org` or to the FTC at `reportfraud.ftc.gov`.
*   **Block the Sender (Optional):**
    *   While reporting is often more effective, blocking the sender can sometimes prevent them from sending future emails to your inbox. Be aware that scammers often use different email addresses.

## 3. Prevention and Staying Safe

Develop good habits to protect yourself from future fake emails:

*   **Be Skeptical:** If an email seems too good to be true, urgent, or demands immediate action, it's likely a scam.
*   **Check Sender Details Carefully:** Scammers often use email addresses that look similar to legitimate ones (e.g., `support@amzon.com` instead of `support@amazon.com`).
*   **Hover Over Links (But Don't Click!):** Before clicking a link, hover your mouse cursor over it (on desktop) to see the actual URL it points to. If it doesn't match the sender or looks suspicious, don't click. On mobile, a long-press might show the URL, but be careful not to accidentally open it.
*   **Use Strong, Unique Passwords:** Use different, complex passwords for all your online accounts.
*   **Enable Two-Factor Authentication (2FA) / Multi-Factor Authentication (MFA):** This adds an extra layer of security, making it much harder for scammers to access your accounts even if they somehow get your password.
*   **Keep Software Updated:** Ensure your operating system, web browser, and antivirus software are always up-to-date.

## 4. What if You Accidentally Clicked a Link or Provided Information?

If you made a mistake and clicked a link, opened an attachment, or provided information:

*   **Change All Potentially Compromised Passwords Immediately:** Especially if you entered your password on a fake login page. Make sure to change passwords for any other accounts that use the same or similar passwords.
*   **Run a Full Antivirus Scan:** If you opened an attachment or downloaded a file, run a comprehensive scan with reputable antivirus software.
*   **Monitor Your Bank and Credit Card Statements:** Look for any unauthorized transactions. Report any suspicious activity to your bank or credit card company immediately.
*   **Contact Your Bank/Financial Institutions:** If you provided financial details, alert your bank, credit card company, and any other relevant financial institutions.
*   **Report Identity Theft:** If you provided highly sensitive personal information (like your Social Security number), consider reporting identity theft to relevant authorities (e.g., FTC in the U.S.).
*   **Alert Your Email Provider:** If your email account itself might be compromised, contact your email service provider for assistance.

By following these steps, you can significantly reduce the risks associated with fake emails and protect your digital life.",,,,
113,hi,,,,"# Halo hapo!

Ni ** kubwa ** kusikia kutoka kwako!

Kama msaidizi wa AI, niko hapa kusaidia na kazi mbali mbali.Tafadhali jisikie huru kuniambia kile kilicho kwenye akili yako au jinsi ninavyoweza kukusaidia leo.

Hapa kuna vitu vichache ninaweza kufanya:

*** Jibu maswali ** juu ya mada yoyote.
*** Tengeneza yaliyomo ubunifu ** kama hadithi, mashairi, au nambari.
*** muhtasari wa habari ** kutoka kwa maandishi marefu.
*** Fafanua dhana ngumu ** kwa maneno rahisi.
*** Kusaidia katika kupanga ** au kufikiria.

Nijulishe ** nini ungependa kufanya ijayo **!",,,,
114,i got one call and he is asking for my bank details to reopen my blocked bank account,,,,"# **Urgent Warning: This is a Scam!**

The call you received is a **classic scam attempt** designed to trick you into revealing your sensitive banking details. **Legitimate banks will never ask for your full bank details, PIN, or OTPs over an unsolicited phone call to ""reopen"" a blocked account.**

---

## **Why This is a Scam**

*   **Banks Do Not Ask for Full Details:** Legitimate banks already have your account information. They will never ask for your full card number, CVV, PIN, or one-time passcodes (OTPs) to verify your identity or ""unblock"" an account via an unsolicited call.
*   **Creating Urgency and Fear:** Scammers use phrases like ""blocked account"" to create panic and urgency, hoping you'll act without thinking clearly.
*   **Spoofing Phone Numbers:** Scammers can ""spoof"" their caller ID to make it appear as if they are calling from your bank's official number, even though they are not.

---

## **Immediate Actions You MUST Take**

*   **DO NOT provide any information:** Absolutely do not give them any bank details, passwords, PINs, OTPs, or personal information.
*   **Hang up immediately:** End the call as soon as possible.
*   **DO NOT call back the number:** If they gave you a number to call back, do not use it. It will connect you directly back to the scammer.

---

## **How to Verify Your Account (Safely)**

If you are genuinely concerned that your bank account might be blocked:

*   **Contact Your Bank Directly:** Use the **official phone number** found on the back of your debit/credit card, on your bank statements, or on your bank's official website (ensure it's the correct website, not one linked from a suspicious email or text).
*   **Log In to Your Official Online Banking:** Access your account through your bank's official mobile app or website. If your account is truly blocked, you will usually see a notification there.
*   **Visit a Bank Branch:** Go to your nearest bank branch and speak to a representative in person.

---

## **Information Banks Will NEVER Ask For Over the Phone**

Be extremely wary if anyone asks for the following during an unsolicited call:

*   **Full Debit/Credit Card Number** (especially all digits)
*   **CVV/CVC** (the 3 or 4-digit code on the back of your card)
*   **PIN (Personal Identification Number)** for your card
*   **One-Time Passwords (OTPs) or SMS verification codes** that *they* claim to be sending you. These codes are usually for *your* transactions, not for the bank to ""verify"" you.
*   **Your full online banking password or security answers**

---

## **Reporting the Incident**

It's important to report this attempted scam:

*   **Your Bank:** Inform your bank about the suspicious call. They can make a note of it and potentially alert other customers.
*   **Law Enforcement/Fraud Department:** In many countries, there are specific agencies for reporting cybercrime and fraud (e.g., Action Fraud in the UK, IC3 in the USA, local police departments).

---

## **General Safety Tips**

*   **Be Skeptical:** Always treat unsolicited calls, emails, and texts with extreme caution, especially if they involve your finances.
*   **Verify Independently:** If in doubt, *always* verify the information by contacting the institution directly using official contact details you source yourself.
*   **Educate Yourself:** Be aware of common scam tactics and share this information with friends and family.

---

**Your bank's primary concern is your security. They will never compromise it by asking for sensitive details over an unsolicited call.** Protect your information at all costs.",,,,
